good,group,on-group
Яичница с беконом,Завтрак,Яичница
Сосиски отварные,Основное блюдо,Колбаски разные
Каша овсяная на молоке,Завтрак,Каши
Хлеб ржано-пшеничный,Хлеб,Хлеб
Каша рисовая на молоке,Завтрак,Каши
Кофе Американо КМ,Напитки,Кофе
Контейнер для супа(банка),Контейнер,Контейнер
Драник картофельный,Основное блюдо,Из овощей
Кекс Тыквенный,Выпечка и десерт,Кекс
Омлет с сыром,Завтрак,Омлет
Горячий бутерброд,Бутерброд,Горячий бутерброд
"Вода Бон Аква 0,5 л",Напитки,Вода
Блинчики,Выпечка,Блины
Джем в ассортименте 30 гр,Соус,Соус
Контейнер неразъемный,Контейнер,Контейнер
Блинчик с ветчиной и сыром,Выпечка,Блины
Контейнер для горячего(черный),Контейнер,Контейнер
Омлет натуральный,Завтрак,Омлет
Блинчик с творогом,Выпечка и десерт,Блины
Морс из черной смородины,Напитки,Морсы
Кофе Капучино КМ,Напитки,Кофе
Кофе Капучино Большой КМ,Напитки,Кофе
Запеканка из творога,Выпечка и десерт,Запеканка
Яичница-глазунья,Завтрак,Яичница
Каша овсяная на воде,Завтрак,Каши
Салат из свеклы с брынзой,Салат,Овощной
Сметана,Соус,Соус
"Сок RIOBA гранат, бут.",Напитки,Соки
Ветчина жареная,Основное блюдо,Колбаски разные
Хлеб пшеничный,Хлеб,Хлеб
Батончик Сникерс 50 гр,Снеки,Шоколадные батончики
Батончик Твикс,Снеки,Шоколадные батончики
Салат с айсбергом и помидорами,Салат,Овощной
Пай песочный с черной смородиной,Выпечка и десерт,Пай
Сметана 30 гр,Соус,Соус
Бутылка с пробкой,Контейнер,Бутылка
Кофе Латте Большой КМ,Напитки,Кофе
Чай пакетированный,Напитки,Чай
Морс из вишни,Напитки,Морсы
Соус HEINZ порц,Соус,Соус
Фреш-ролл с курицей,Бутерброд,Фреш-ролл
Ватрушка с творогом,Выпечка и десерт,Пироги
Кофе Лунго КМ,Напитки,Кофе
Смесь ореховая соленая,Снеки,Орехи
Кофе для персонала,Напитки,Кофе
Пирог Королевская ватрушка,Выпечка и десерт,Пироги
Йогурт с мюслями,Завтрак,Мюсли
Горчица 30 гр,Соус,Соус
Запеканка из творога с маком,Выпечка и десерт,Запеканка
Сосиска в тесте,Выпечка,Сосиска в тесте
Кофе Латте КМ,Напитки,Кофе
Пирожок с курицей и грибами,Выпечка,Пироги
Пирожок с капустой,Выпечка,Пироги
Яблоко,Фрукты,Яблоко
"Лимонад Кола,Спрайт ж/б 0,33 мл",Напитки,Лимонад
Яйцо отварное,Завтрак,Яйца
Плетенка с творогом,Выпечка и десерт,Пироги
Филе куриное запеченное с брокколи,Основное блюдо,Блюда из курицы
Пирожок с яблоком и брусникой,Выпечка и десерт,Пироги
Пирожок с вишней,Выпечка и десерт,Пироги
Индейка гриль,Основное блюдо,Блюда из индейки
Картофель запеченый с розмарином,Гарнир,Картофель
Фасоль стручковая с овощами,Гарнир,Фасоль
Котлеты Михайловские,Основное блюдо,Котлеты
Рис с маслом,Гарнир,Рис
Бульон куриный,Супы Горячие,Бульоны
Пампушка с чесноком и зеленью,Хлеб,Хлеб
Щи с курицей,Супы Горячие,Щи
Плов из курицы,Основное блюдо,Блюда из курицы
Салат Оливье с ветчиной,Салат,Оливье
Фасоль стручковая отварная,Гарнир,Фасоль
"Салат из кит.капусты с ред.,сметан,огурц",Салат,Овощной
Котлета из индейки,Основное блюдо,Котлеты
Соус сальса 30 гр,Соус,Соус
Салат Витаминый,Салат,Овощной
Салат Крабовый,Салат,Мясной
Макароны отварные с маслом,Гарнир,Макароны
Яйцо с гарниром,Гарнир,Прочие
Греча,Гарнир,Греча
Картофельное пюре,Гарнир,Картофель
Суп-крем овощной,Супы Горячие,Крем / Пюре
Соус тар-тар 30 гр,Соус,Соус
Отбивная из свинины в соусе Барбекю,Основное блюдо,Блюда из свинины
Потрошки куриные в сметанном соусе,Основное блюдо,Блюда из курицы
Салат Цезарь 165 гр,Салат,Цезарь
Гуляш из говядины,Основное блюдо,Блюда из говядины
Салат Грация,Салат,Прочие
Творожный рулет с персиком,Десерты,Рулеты
Пирожок с зеленым луком и яйцом,Выпечка,Пироги
Огурцы малосольные,Салат,Овощной
Салат из св.огурцов и помидоров,Салат,Овощной
Курица с овощами,Основное блюдо,Блюда из курицы
Пирожок с картофелем и грибами,Выпечка,Пироги
Сэндвич с лососем,Бутерброд,Сэндвич
Фрикадельки из свин. с гриб. в см.соусе,Основное блюдо,Блюда из свинины
Котлета рыбная,Основное блюдо,Котлеты
Меренговый рулет,Десерты,Рулеты
Салат Греческий 180 гр,Салат,Овощной
Творог порционный,Завтрак,Из творога
Контейнер крафт для горячего,Контейнер,Контейнер
Филе индейки отварное,Основное блюдо,Блюда из индейки
Салат Цезарь с креветками 165 гр,Салат,Цезарь
Фруктовое ассорти 150 гр,Фрукты,Набор
Булочка с корицей,Выпечка и десерт,Булочки
Булочка с маком,Выпечка и десерт,Булочки
Смесь ореховая сладкая,Снеки,Орехи
"Лимонад Черноголовка 0,5л",Напитки,Лимонад
Сэндвич с ветчиной и сыром,Бутерброд,Сэндвич
Пирожок с картофелем и луком,Выпечка,Пироги
Компот из сухофруктов,Напитки,Компот
Сэндвич с курицей,Основное блюдо,Блюда из курицы
Кофе Флэт Уайт КМ,Напитки,Кофе
Груша,Фрукты,Груша
Лепешка сырная,Выпечка,Пироги
Хрен столовый 30 гр,Соус,Соус
Боул с лососем,Основное блюдо,Боул
Боул с креветками,Основное блюдо,Боул
Каша рисовая на безлактозном молоке,Завтрак,Каши
Круассан с ветчиной и сыром,Бутерброд,Круассан
Фреш-ролл с ветчиной,Бутерброд,Фреш-ролл
Панакота с клубничным соусом,Десерты,Панакота
Батончик шоколадный в ассортименте,Снеки,Шоколадные батончики
"Сок RIOBA в ассортименте, бут.",Напитки,Соки
Круассан с курицей,Бутерброд,Круассан
Желе из вишни,Десерты,Желе
Блинчик с грибным жюльеном,Выпечка,Блины
Каша пшенная на молоке,Завтрак,Каши
Яичница с перцем,Завтрак,Яичница
Круассан с лососем,Бутерброд,Круассан
Омлет с ветчиной,Завтрак,Омлет
Каша ячневая на молоке,Завтрак,Каши
Драник морковный,Основное блюдо,Из овощей
Блинчик с вишней,Выпечка и десерт,Блины
Кофе Эспрессо КМ,Напитки,Кофе
Сырник,Завтрак,Из творога
Биточки куриные паровые,Основное блюдо,Котлеты
Морс из брусники,Напитки,Морсы
Молоко сгущеное 30 гр,Соус,Соус
"Ложки,вилки",Приборы,"Ложки,вилки"
Печенье творожно-кокосовое,Десерты,Печенье
Тирамису,Десерты,Пироженое
Вода пит. Боржоми,Напитки,Вода
Салат Оливье с колбасой,Салат,Оливье
Эскалоп,Основное блюдо,Блюда из мяса
Картофель запеченый,Гарнир,Картофель
Пирожок с мясом,Выпечка,Пироги
Шницель куриный,Основное блюдо,Блюда из курицы
Фрикассе из курицы,Основное блюдо,Блюда из курицы
Грибная похлебка с курицей,Супы Горячие,Мясные
Бульон куриный с рисом,Супы Горячие,Бульоны
Рыба по-польски,Основное блюдо,Рыба
Салат из свеклы с грецким орехом,Салат,Овощной
Салат из моркови и яблока,Салат,Овощной
Салат Цезарь с курицей,Салат,Мясной
Сельдь по-русски,Салат,Прочие
Микс салатных листьев,Салат,Овощной
Лечо по-домашнему,Салат,Овощной
Суп-крем из брокколи,Супы Горячие,Крем / Пюре
Зразы мясные с луком и яйцом,Основное блюдо,Котлеты
Булочки в ассортименте,Выпечка и десерт,Булочки
Митболы с сырным соусом,Основное блюдо,Блюда из мяса
Салат из кв.капусты с клюквой,Салат,Овощной
Жаркое из курицы,Основное блюдо,Блюда из курицы
Поджарка из свинины,Основное блюдо,Блюда из свинины
Чай каркаде пряный,Напитки,Чай
Салат Морской,Салат,Прочие
Свекла по-корейский,Салат,Овощной
Говядина тушеная с черносливом,Основное блюдо,Блюда из говядины
Шпинат тушеный в сливках,Гарнир,Овощной
Печень куриная жареная с луком,Основное блюдо,Блюда из курицы
Жев. резинка,Снеки,Жев. резинка
Люля из курицы,Основное блюдо,Блюда из курицы
Салат Нисуаз 185 гр,Салат,Прочие
Батончик Баунти,Снеки,Шоколадные батончики
Хлеб бородинский,Хлеб,Хлеб
Сок в ассортименте,Напитки,Соки
Желе из мандаринов,Десерты,Желе
Котлета Михайловская,Основное блюдо,Котлеты
Свинина корейка гриль,Основное блюдо,Блюда из свинины
Йогурт питьевой в ассортименте,Напитки,Кисло-молочное
Пирог песочный с лимоном,Выпечка и десерт,Пироги
Блинчик с курицей и грибами,Выпечка,Блины
Омлет с помидорами,Завтрак,Омлет
Салат из свежих овощей,Салат,Овощной
Яичница с сыром,Завтрак,Яичница
Кекс Творожный,Выпечка и десерт,Кекс
Блинчик с яблоком,Выпечка и десерт,Блины
Торт Малиновый чизкейк,Десерты,Торт
Контейнер треугольный,Контейнер,Контейнер
Кофе Флэт Уайт двойной,Напитки,Кофе
Картофель запеченый с сыром,Гарнир,Картофель
Кефир с мюслями,Завтрак,Мюсли
Филе куриное отварное,Основное блюдо,Блюда из курицы
Торт Медовик,Выпечка и десерт,Медовик
Шарлотка с яблоком и брусникой,Выпечка и десерт,Шарлотка
Тарталетка ягодная,Десерты,Пироженое
Винегрет,Салат,Овощной
"Студень из говяжьих ножек 1,0 кг",Основное блюдо,Блюда из говядины
"Салат Оливье 1,0 кг",Салат,Оливье
"Салат Сельдь под шубой 1,0 кг",Салат,Шуба
"Буженина из свиной шеи 1,0 кг",Основное блюдо,Блюда из свинины
"Медовик классический 1,0 кг",Торт цельный,Медовик
Набор Булочек Шу 4 вида,Выпечка и десерт,Булочки
Филе куриное с грибами,Основное блюдо,Блюда из курицы
Салат с фунчозой с курицей,Салат,Мясной
Котлета Московская,Основное блюдо,Котлеты
Борщ из кв.капусты с курицей,Супы Горячие,Борщ
Салат Греческий,Салат,Овощной
Котлета куриная жареная,Основное блюдо,Котлеты
Чиабатта 55 гр,Хлеб,Хлеб
Свекла запеченная с терияки,Гарнир,Овощной
Салат Сельдь под шубой,Салат,Шуба
Бульон куриный с лапшой,Супы Горячие,Бульоны
Чахохбили,Основное блюдо,Блюда из курицы
Сердечки куриные по-строгановски,Основное блюдо,Блюда из курицы
Суп-крем из цветной капусты,Супы Горячие,Крем / Пюре
Стейк из свиной шеи,Основное блюдо,Блюда из свинины
Рыба жареная в тесте,Основное блюдо,Рыба
Говядина в маринаде с имбирем,Основное блюдо,Блюда из говядины
Спагетти Карбонара,Основное блюдо,Паста
Салат из курицы с соусом из авокадо,Салат,Мясной
Ватрушка мясная с жюльеном грибным,Выпечка,Ватрушка
Салат кол-слоу с двумя видами капусты,Салат,Овощной
"Салат из ветчины,огурца,картофеля и перц",Салат,Мясной
Пицца Римская Пепперони кусок,Основное блюдо,Пицца
Торт брусничный с шоколадом,Десерты,Торт
Пхали из свеклы,Десерты,Пхали
Медовик классический,Выпечка и десерт,Медовик
Свиной кармашек,Основное блюдо,Блюда из свинины
Контейнер квадрат для пироженных,Контейнер,Контейнер
Салат Столичный,Салат,Оливье
Филе куриное гриль,Основное блюдо,Блюда из курицы
Батончик Пикник 38 гр,Снеки,Шоколадные батончики
Отбивная из свинины терияки,Основное блюдо,Блюда из свинины
Батончик Натс 50 гр,Снеки,Шоколадные батончики
Яичница с помидором,Завтрак,Яичница
Блинчик с мясом,Выпечка и десерт,Блины
Немецкий маковый творожник,Выпечка и десерт,Пироги
Муравейник К,Десерты,Торт
Драник тыквенный,Основное блюдо,Из овощей
Пай песочный с брусникой,Выпечка и десерт,Пай
Каша манная на молоке,Завтрак,Каши
Торт Сникерс,Десерты,Торт
Биточки мясные паровые,Основное блюдо,Котлеты
Кофе Капучино КМ на кокосовом молоке,Напитки,Кофе
Сметанник,Выпечка и десерт,Торт
Шашлык из курицы,Основное блюдо,Блюда из курицы
Филе куриное в соусе чили,Основное блюдо,Блюда из курицы
Суп гороховый,Супы Горячие,Овощной
Салат из б/к капусты с морковью и перцем,Салат,Овощной
Шницель куриный с сыром,Основное блюдо,Блюда из курицы
Пирожки 12.01.24,Индивидуальный заказ,Индивидуальный заказ
Бефстроганов из говядины,Основное блюдо,Блюда из говядины
Тефтели в молочном соусе,Основное блюдо,Блюда из мяса
Картофель отварной с маслом,Гарнир,Картофель
Салат Немецкий,Салат,Прочие
Салат из пекинской капусты и курицей,Салат,Овощной
Салат из тыквы запеченной с брынзой,Салат,Прочие
Капуста цветная на пару,Гарнир,Капуста
Филе лосося на гриле,Основное блюдо,Рыба
Салат Диетический,Салат,Прочие
Суп-крем из шпината,Супы Горячие,Крем / Пюре
Свинина корейка в соусе блю-чиз,Основное блюдо,Блюда из свинины
Рулет куриный с яйцом,Основное блюдо,Блюда из курицы
Салат Сырный с ветчиной,Салат,С Сыром
Томаты с моцареллой и соусом песто,Салат,Овощной
Свинина тушен. в красном соусе,Основное блюдо,Блюда из свинины
Батончик Марс 50г,Снеки,Шоколадные батончики
Пицца Римская острая  целая,Основное блюдо,Пицца
Желе из клубники,Десерты,Желе
Булочка Шу,Выпечка и десерт,Булочки
Кекс Морковный,Выпечка и десерт,Кекс
Каша пшеничная на молоке,Завтрак,Каши
Морс из клюквы,Напитки,Морсы
Молоко в кофе,Соус,Соус
Десерт Йогуртовый,Десерты,Кисло-молочное
Кофе Эспрессо двойной,Напитки,Кофе
Медовик шоколадный,Выпечка и десерт,Медовик
Салат из свеклы с яйцом,Салат,Овощной
Филе куриное с кабачками,Основное блюдо,Блюда из курицы
Фуршет 15.01,Индивидуальный заказ,Индивидуальный заказ
Салат из курицы с жареными грибами,Салат,Мясной
Щи из кваш.капусты с курицей,Супы Горячие,Щи
Салат из моркови по-корейски,Салат,Овощной
Бризоль из кур. филе,Основное блюдо,Блюда из курицы
Бульон куриный с вермишелью,Супы Горячие,Бульоны
Спагетти с курицей,Основное блюдо,Паста
Биточки куриные с копченой сметаной,Основное блюдо,Котлеты
Морковь со специами,Гарнир,Овощной
Котлета по-домашнему,Основное блюдо,Котлеты
Салат овощной с сельдереем,Салат,Овощной
Рыба с фасолью в соусом терияки,Основное блюдо,Рыба
Пицца Римская острая кусок,Основное блюдо,Пицца
Салат из перца с помидором и луком,Салат,Овощной
Сердечки куриные в соусе карри,Основное блюдо,Блюда из курицы
Котлета Пожарская,Основное блюдо,Котлеты
Пхали из шпината,Десерты,Пхали
Рулетики из свинины с овощами и сыром,Основное блюдо,Блюда из свинины
Эклер Ваниль 50 гр,Десерты,Пироженое
Печенье овсяное,Десерты,Печенье
Пай песочный с творогом,Выпечка и десерт,Пай
Котлета куриная паровая,Основное блюдо,Котлеты
Салат Сытный,Салат,Прочие
Филе куриное запеченное с помидорами,Основное блюдо,Блюда из курицы
"Салат из тыквы,моркови,ябл. и сельдерея",Салат,Прочие
Картофель запеченый с грибами,Гарнир,Картофель
Свинина в яблочном соусе,Основное блюдо,Блюда из свинины
Рыба в горчичном соусе,Основное блюдо,Рыба
Полба с грибами в сливках,Гарнир,Прочие
Салат Мимоза,Салат,Прочие
Суп фасолевый,Супы Горячие,Овощной
Чикенбургер,Бутерброд,Сэндвич
Салат Весенный,Салат,Овощной
Салат овощной с редисом,Салат,Овощной
"Бифштекс ""Любительский""",Основное блюдо,Блюда из мяса
Салат из свеклы с черносливом,Салат,Овощной
Салат Метелка,Салат,Прочие
Вода пит. Нарзан,Напитки,Вода
Салат Итальянский,Салат,Прочие
Фаршированные помидоры с сыром,Салат,Овощной
Биточки скобелевские,Основное блюдо,Котлеты
Апельсин,Фрукты,Цитрус
Салат из свеклы с маслом,Салат,Овощной
Торт Сметанник шоколадный,Десерты,Торт
Торт Шоколадный,Десерты,Торт
Кекс чернослив,Выпечка и десерт,Кекс
Чай имбирно-цитрусовый,Напитки,Чай
Торт банановый,Десерты,Торт
Салат с моцареллой и черри 180 гр,Салат,Прочие
Булочка Шу фисташка-малина,Выпечка и десерт,Булочки
Штрудель с яблоком,Выпечка и десерт,Штрудель
Свинина запеченая с грибами,Основное блюдо,Блюда из свинины
Борщ с курицей,Супы Горячие,Борщ
"Фасоль ""Пикатная""",Гарнир,Фасоль
Спагетти Болоньезе,Основное блюдо,Паста
Рулетики из курицы с овощами и сыр,Основное блюдо,Блюда из курицы
Салат с фасолью и овощами,Салат,Овощной
Салат Мясной,Салат,Мясной
Брокколи на пару,Гарнир,Овощной
Салат из морской капусты с краб.палочки,Салат,Овощной
Печень по-строгановкски,Основное блюдо,Блюда из мяса
Азу из говядины,Основное блюдо,Блюда из говядины
Творожный рулет с лимоном,Десерты,Рулеты
"Салат из курицы,сельдерея и фасоли",Салат,Мясной
Мандарин,Фрукты,Цитрус
Напиток из шиповника,Напитки,Морсы
Драник из кабачков,Основное блюдо,Из овощей
Картофель запеченный с сыром,Гарнир,Картофель
Рассольник по-ленинградски с курицей,Супы Горячие,Мясные
Свинина в тесте,Основное блюдо,Блюда из свинины
Капуста свежая жареная,Гарнир,Капуста
Салат из китайской капусты и сельдерея,Салат,Овощной
"Салат с огурцом, яблоком и сельдереем",Салат,Овощной
Зраза куриная с грибами,Основное блюдо,Блюда из курицы
Салат Деревенский,Салат,Прочие
Рыба с овощами в лодочке,Основное блюдо,Рыба
Салат Чамгу-Сэй,Салат,Прочие
Булгур с овощами,Гарнир,Овощной
Тайский рис с курицей,Основное блюдо,Блюда из курицы
Салат Кармен,Салат,Прочие
Фрикадельки куриные паровые,Основное блюдо,Блюда из курицы
Ш-д Риоба 5 гр,Десерты,Покупное
Молоко 230 мл,Напитки,Молоко
Кофе Капучино на банановом молоке КМ,Напитки,Кофе
Салат из помидор с перцем,Салат,Овощной
Батончик Пикник,Снеки,Шоколадные батончики
Эклер Сникерс,Десерты,Пироженое
Батончик Сникерс,Снеки,Шоколадные батончики
Биточки паровые из индейки,Основное блюдо,Котлеты
Каша кукурузная на молоке,Завтрак,Каши
Блинчик с картофелем и грибами,Выпечка,Блины
Кофе Ристретто КМ,Напитки,Кофе
Салат из б/к капусты с морковью и редькй,Салат,Овощной
Солянка по-домашнему с курицей,Супы Горячие,Мясные
Салат из крабовых палочек с огурцом,Салат,Прочие
Печень куриная в сметанном соусе,Основное блюдо,Блюда из курицы
Тефтели в томатном соусе,Основное блюдо,Блюда из мяса
Салат из морск.капусты с огурцом и морк,Салат,Овощной
Салат Марсель с курицей,Салат,Мясной
Сок свежевыж. грейпфрут 250 мл,Напитки,Соки
Щи Уральские с курицей,Супы Горячие,Щи
Яйцо фаршированное сырной начинкой,Салат,Яйца
Свинина по-французски,Основное блюдо,Блюда из свинины
Бифштекс с яйцом,Основное блюдо,Блюда из мяса
Фасоль стручковая по-корейски,Гарнир,Фасоль
Овощные палочки,Снеки,Овощной
Кокосовый пудинг с чиа и авокадо,Десерты,Пудинг
Киш с курицей и грибами,Основное блюдо,Блюда из курицы
Салат Здоровье,Салат,Прочие
Салат из моркови с копч.сыром,Салат,С Сыром
Рыба с помидорами,Основное блюдо,Рыба
Салат с колбасой с фасолью,Салат,Мясной
Жаркое по-домашнему из говядины,Основное блюдо,Блюда из говядины
Морковь запеченная со специами,Гарнир,Овощной
Печень куриная с грибами и луком,Основное блюдо,Блюда из курицы
Салат с тунцом и сыром фета,Салат,С Сыром
Брошет из свинины с ананасом и перцем,Основное блюдо,Блюда из свинины
"Салат из курицы,картофеля и огурца",Салат,Мясной
Паприкаш из куриного филе,Основное блюдо,Блюда из курицы
Глитвейн с пряностями,Напитки,Глинтвейн
Кокосовый пудинг с чиа и манго,Десерты,Пудинг
Батончик Марс,Снеки,Шоколадные батончики
Картофель по-деревенски,Гарнир,Картофель
Панакота с мандариновым соусом,Десерты,Панакота
Бульон куриный с яйцом,Супы Горячие,Бульоны
Суп Том Ям с креветкой,Супы Горячие,Мясные
Булочка с вареной сгущенкой,Выпечка и десерт,Булочки
Эклер Ваниль,Десерты,Пироженое
Контейнер квадрат для пирожных,Контейнер,Контейнер
Медовик шоколадный 1 кг,Торт цельный,Медовик
"Салат из св.огурца,редиса,яйца и сметан",Салат,Овощной
"Пицца ""Баварская""",Основное блюдо,Пицца
Лобио из фасоли,Основное блюдо,Из овощей
Филе куриное в соусе карри,Основное блюдо,Блюда из курицы
"Пицца ""Груша и горгонзола""",Основное блюдо,Пицца
Оладьи куриные Нежность,Основное блюдо,Блюда из курицы
Рулетики из ветчины с сыром,Салат,Рулеты
Салат из свеклы с горошком,Салат,Овощной
Кофе Латте Большой на кокос. молоке КМ,Напитки,Кофе
"Батончик Мюсли ""Здоровый перекус""",Снеки,Шоколадные батончики
Шницель куриный в сырной панировке,Основное блюдо,Блюда из курицы
Жаркое с курицей,Основное блюдо,Блюда из курицы
Рассольник по-домашнему с курицей,Супы Горячие,Мясные
Сердечки куриные в белом соусе,Основное блюдо,Блюда из курицы
Отбивная из свинины с соусом терияки,Основное блюдо,Блюда из свинины
Каша овсяная на кокосовом молоке,Завтрак,Каши
Скрембл с овощами,Завтрак,Омлет
Отбивная из свинины с соусом Барбекю,Основное блюдо,Блюда из свинины
Печень куриная с овощами,Основное блюдо,Блюда из курицы
Лимонад Fantola ж/б,Напитки,Лимонад
Салат Дачный,Салат,Прочие
"Лимонад Добрый  Кола,Спрайт ж/б 0,33 мл",Напитки,Лимонад
Пай сметанный с черной смородиной,Выпечка и десерт,Пай
Салат Греческий с сыром тофу,Салат,С Сыром
Салат Витаминый с огурцом,Салат,Овощной
Киноа с грибами,Основное блюдо,Киноа
Птичье молоко,Десерты,Пироженое
"Лимонад Добрый Кола,фанта,спрайт 0,5 ПЭТ",Напитки,Лимонад
Сок свежевыж. апельсин 250 мл,Напитки,Соки
"Штрудель  с яблоками,изюмом и орехами",Выпечка и десерт,Штрудель
Щи зеленые из шпината,Супы Горячие,Щи
Нут в сливочно-кокосовом соусе,Гарнир,Прочие
Суп-крем из тыквы,Супы Горячие,Крем / Пюре
Киноа с тыквой,Основное блюдо,Киноа
Чизкейк классический 120 гр К,Десерты,Чизкейк
Блинчик с куриным жюльеном,Выпечка,Блины
Киш с лососем и шпинатом,Выпечка,Пироги
Картофель жареный,Гарнир,Картофель
Пирог осетинский с шпинатом,Выпечка,Пироги
Салат из б/к капусты с овощами,Салат,Овощной
Паста Маринара с рыбой,Основное блюдо,Паста
Фасоль стручковая в томатном соусе,Гарнир,Фасоль
Филе индейки запеченное с овощами и трав,Основное блюдо,Блюда из индейки
Кекс апельсиновый,Выпечка и десерт,Кекс
Каша перловая с овощами,Завтрак,Каши
Кофе Капучино КМ на миндальном молоке,Напитки,Кофе
Салат Витаминный,Салат,Овощной
Рыба с фасолью в соусе терияки,Основное блюдо,Рыба
Соте из овощей,Салат,Овощной
Салат Несвижский,Салат,Прочие
Котлета  Михайловскя,Основное блюдо,Котлеты
Кофе Капучино Большой на кокос. молокеКМ,Напитки,Кофе
"Салат из огурца, редиса с яйцом и сметан",Салат,Овощной
Картофель запеченный,Гарнир,Картофель
Суп фасолевый с курицей,Супы Горячие,Мясные
Котлета из индейки паровая,Основное блюдо,Котлеты
Кофе Капучино Большой на банан.молоке КМ,Напитки,Кофе
Кетчуп 30 гр,Соус,Соус
Творожный рулет с клубникой,Десерты,Рулеты
Кофе Американо двойной,Напитки,Кофе
"Йогурт фермерский 0,3 л в ассортименте",Напитки,Кисло-молочное
Свинина запеченная с грибами,Основное блюдо,Блюда из свинины
Су Фо-бо с говядиной,Основное блюдо,Блюда из говядины
Салат из запеч. тыквы с брынзой и гранат,Салат,Прочие
Салат Оливье с бужениной,Салат,Оливье
Ш-д Риоба 20 гр,Десерты,Покупное
Контейнер крафт для салата,Контейнер,Контейнер
Харчо с говядиной,Супы Горячие,Мясные
Фуршет Классен 12.02,Индивидуальный заказ,Индивидуальный заказ
Ачик-Чучук,Салат,Овощной
"Ряженка Деревенская 2,5% 0,5 л",Напитки,Кисло-молочное
Окорок куриный жареный,Основное блюдо,Блюда из курицы
Камбала жареная,Основное блюдо,Рыба
Салат Ветчинный с грибами,Салат,Мясной
Киноа с овощами,Основное блюдо,Киноа
Кофе Капучино Большой на минд. молокеКМ,Напитки,Кофе
Рыба под горячим маринадом,Основное блюдо,Рыба
"Молоко топленое 0,5 л",Напитки,Молоко
Колбаски Михайловские,Основное блюдо,Колбаски разные
Пай песочный лимонный,Выпечка и десерт,Пай
Торт Малиновый взрыв,Десерты,Торт
Колбаски Мюнхенские,Основное блюдо,Колбаски разные
Хлеб тостовый,Хлеб,Хлеб
Колбаски гриль-люкс,Основное блюдо,Колбаски разные
Медовик  1 кг,Торт цельный,Медовик
Суп фасолевый с копчен.,Супы Горячие,Мясные
Наполеон К,Десерты,Торт
Батончик Натс,Снеки,Шоколадные батончики
Зразы с грибами и луком,Основное блюдо,Котлеты
Каша гречневая с тушенкой,Основное блюдо,Каша гречневая с тушенкой
Мероприятие Виноградова А.В.,Индивидуальный заказ,Индивидуальный заказ
Компот из кураги,Напитки,Компот
Майонез 30 гр,Соус,Соус
Торт морковный К,Десерты,Торт
Тыква запеченная,Выпечка,Пироги
Рыба жареная в сухарях,Основное блюдо,Рыба
Крылья куриные с соусе барбекю 180 гр,Основное блюдо,Блюда из курицы
Кофе Латте на миндальном молоке КМ,Напитки,Кофе
Стакан с крышкой,Контейнер,Стакан
"Вода Святой источник ПЭТ 0,5 л",Напитки,Вода
Каша пшенная на молоке с тыквой,Завтрак,Каши
Булочка Шведская с белой глазурью,Выпечка и десерт,Булочки
Картофель жареный с грибами и луком,Гарнир,Картофель
Суп рыбный по Норвежски,Супы Горячие,Мясные
Салат из печени трески с рисом,Салат,Мясной
Салат Финнмарк,Салат,Прочие
Бедро куриное с опятами,Основное блюдо,Блюда из курицы
Торт Яблочно-карамельный,Десерты,Торт
Картофель Айдахо,Гарнир,Картофель
Кокосовый Рафф,Напитки,Кофе
Суп грибной,Супы Горячие,Овощной
Салат китайский с редькой,Салат,Овощной
Торт Морковный,Десерты,Торт
Салат Витаминный с огурцом,Салат,Овощной
Блин с ветчиной и сыром 80 гр,Выпечка,Блины
Блин с вишней 80 гр,Выпечка и десерт,Блины
Йогурт с мюсли,Завтрак,Мюсли
Блин с курицей и сыром 80 гр,Выпечка,Блины
Блин 1 шт,Выпечка,Блины
Блин с малиной 80 гр,Выпечка и десерт,Блины
Арахисовый кранч,Десерты,Овощной
Блин с творогом 80 гр,Выпечка и десерт,Блины
"Сок Swell в ассортименте, бут",Напитки,Соки
Торт Бананово-шоколадный,Десерты,Торт
Желе из черной смородины,Десерты,Желе
Контейнер неразъемный 1550 л,Контейнер,Контейнер
Салат Витаминый с перцем,Салат,Овощной
Свиная корейка гриль,Основное блюдо,Блюда из свинины
Салат из моркови с сыром,Салат,С Сыром
Торт Мусс три шоколада,Десерты,Торт
Суп-пюре из шампиньонов,Супы Горячие,Крем / Пюре
Блин с мясом 80 гр,Выпечка,Блины
Люля из баранины,Основное блюдо,Блюда из мяса
Шницель рыбный,Основное блюдо,Рыба
Щи постные из квашеной капусты,Супы Горячие,Щи
Боул Постный,Основное блюдо,Боул
Кр.-манипул.устан. Bonfiglioli P10200L/2,Хрень,Хрень
Сливки порционные 1 шт,Соус,Соус
Чизкейк Нью-Йорк,Десерты,Чизкейк
Шарлотка с яблоками и брусникой,Выпечка и десерт,Шарлотка
Картофель запеченный с розмарином,Гарнир,Картофель
Суп Минестроне,Супы Горячие,Мясные
Спагетти отварные с маслом,Гарнир,Макароны
Торт грушевый с риккотой,Десерты,Торт
Боул с сыром тофу,Основное блюдо,Боул
Щи постные из св.капусты,Супы Горячие,Щи
Плов с грибамм,Основное блюдо,Плов
Хашлама с бараниной,Супы Горячие,Мясные
Тирольский пирог,Выпечка и десерт,Пироги
Торт Арахисовый кранч,Десерты,Торт
Кабачки запеченые,Основное блюдо,Из овощей
Сэндвич с тунцом,Бутерброд,Сэндвич
Печенье постное,Десерты,Печенье
Борщ постный,Супы Горячие,Борщ
Жаркое с тыквой и картофелем,Основное блюдо,Блюда из мяса
Суп-крем из кабачков,Супы Горячие,Крем / Пюре
Рыба на пару с травами ПП,Основное блюдо,Рыба
торт Шоколадная трилогия,Десерты,Торт
Медовик,Выпечка и десерт,Медовик
Рис с луком и морковью,Гарнир,Рис
Греча с грибами и луком,Гарнир,Греча
Хлеб Заварной,Хлеб,Хлеб
Хлебец ЗОЖ,Хлеб,Хлеб
Чизкейк Лимончелло,Десерты,Чизкейк
Булгур по-китайски,Гарнир,Булгур
Судак в кокосовом соусе,Основное блюдо,Рыба
Морковь запеченная с медом и орехами,Десерты,Овощной
Вареники с картофелем и грибами,Основное блюдо,Вареники
Битые огурцы кимчи,Салат,Овощной
Чизкейк Вишневый,Десерты,Чизкейк
Пирожное карамельно-ореховое,Десерты,Пироженое
Компот из клубники,Напитки,Компот
Вареники с вишней,Основное блюдо,Вареники
Щи из щавеля,Супы Горячие,Щи
Суп Минестроне ПП,Супы Горячие,Мясные
Стейк из капусты с грибным соусом,Основное блюдо,Из овощей
Торт с Лесными Ягодами,Десерты,Торт
Торт Пьемонт,Десерты,Торт
Кабачки маринованные,Основное блюдо,Из овощей
Торт Фисташковый с малиной,Десерты,Торт
29.03.24 Павел Титоренко,Индивидуальный заказ,Индивидуальный заказ
Колбаса жареная,Основное блюдо,Колбаски разные
Рыба в кунжуте,Основное блюдо,Рыба
Чизкейк Три Шоколада,Десерты,Чизкейк
Кофе Макиато КМ,Напитки,Кофе
Кефир с мюсли,Завтрак,Мюсли
Филе куриное с яблоками,Основное блюдо,Блюда из курицы
Капуста Азиатская,Салат,Овощной
Помидоры фаршированные грибной икрой,Основное блюдо,Из овощей
Спагетти с свининой,Основное блюдо,Блюда из свинины
Фуршет 02.04.24,Индивидуальный заказ,Индивидуальный заказ
Буженина из свинины,Основное блюдо,Блюда из свинины
Торт Прага,Десерты,Торт
Каштаны рыбные,Основное блюдо,Котлеты
Торт Красный Бархат,Десерты,Торт
Котлета Деревенская,Основное блюдо,Котлеты
Суп-крем из шампиньонов,Супы Горячие,Крем / Пюре
Рис отварной с шпинатом,Гарнир,Рис
Говядина по-купечески,Основное блюдо,Блюда из говядины
Рулет из индейки с овощами,Основное блюдо,Блюда из индейки
Суп-крем сырный,Супы Горячие,Крем / Пюре
Жаркое по-австрийски,Основное блюдо,Блюда из мяса
"Салат с огурцом,соевым соусом и кунжутом",Салат,Овощной
Салат Шопский,Салат,Прочие
Салат Цезарь с лососем 165 гр,Салат,Цезарь
"Лимонад Добрый ж/б 0,33мл в ассортименте",Напитки,Лимонад
Салат коул-слоу с двумя видами капусты,Салат,Овощной
Салат Витаминный с кукурузой,Салат,Овощной
Булочка с маком и глазурью,Выпечка и десерт,Булочки
"Вода Боржоми СТЕКЛО 0,5л",Напитки,Вода
"Вода Нарзан СТЕКЛО 0,5л",Напитки,Вода
Кальмары в сливочном соусе,Основное блюдо,Кальмары
Окорок куриный без кожи отварной,Основное блюдо,Блюда из курицы
Салат с чуккой и огурцами,Салат,Прочие
Суп-пюре из шпината(пост),Супы Горячие,Крем / Пюре
Оладьи из куриной печени,Основное блюдо,Блюда из курицы
Чизкейк шоколадный 120 гр К,Десерты,Чизкейк
Булочка с сахаром,Выпечка и десерт,Булочки
Картофель запеченный с грибами,Гарнир,Картофель
Макароны с сыром,Гарнир,Макароны
Суп-пюре овощной (пост),Супы Горячие,Крем / Пюре
"Лимонад Калинов 0,5 в ассортимете",Напитки,Лимонад
Сок свежевыж. морковь/апельсин 250 мл,Напитки,Соки
Торт Орео,Десерты,Торт
Сэндвич с индейкой,Бутерброд,Сэндвич
Компот из св.груш,Напитки,Компот
Наполеон с малиновым соусом,Выпечка и десерт,Торт
Свекла по-корейски,Салат,Прочие
Суп-пюре из брокколи (пост),Супы Горячие,Крем / Пюре
Квашеная капуста с луком и брусникой,Салат,Овощной
Ватрушка мясная с жульеном грибным,Выпечка и десерт,Ватрушка
Суп-пюре из тыквы(пост),Супы Горячие,Крем / Пюре
Суп куриный с лапшой,Супы Горячие,Мясные
Чевапчичич из курицы,Основное блюдо,Блюда из курицы
Плескавица,Основное блюдо,Котлеты
Запеканка картофельная с свининой,Основное блюдо,Запеканка
Торт Черный лес,Десерты,Торт
Суп Чорба,Супы Горячие,Мясные
Салат Сербский,Салат,Прочие
Салат с чукой и кальмарами,Салат,Мясной
Окорок куриный отварной,Основное блюдо,Блюда из курицы
Рыба жареная в кунжуте,Основное блюдо,Рыба
Суп-пюре из цветной капусты (пост),Супы Горячие,Крем / Пюре
Пирог с капустой и яйцом 1 кг,Пирог цельный,Пирог с капустой и яйцом 1 кг
Пирог с вишней 1 кг,Пирог цельный,Пирог с вишней 1 кг
Пирог с яблоком и брусникой 1 кг,Пирог цельный,Пирог с яблоком и брусникой 1 кг
Торт сметанник с малиной,Десерты,Торт
Кулич Пасхальный 120 гр,Выпечка и десерт,Кулич
Кулич Пасхальный 360 гр,Выпечка и десерт,Кулич
Кулич Пасхальный 720 гр,Выпечка и десерт,Кулич
Салат из свеклы с сыром,Салат,Овощной
Котейнер для супа Крафт (банка),Контейнер,Контейнер
крафт для салата круглый,Контейнер,Контейнер
Упаковка для торта Крафт,Контейнер,Контейнер
Крафт 300 мл горячее,Контейнер,Контейнер
Крафт для холодных 300 мл,Контейнер,Для холодных напитков
Крафт банка для супа 350 мл,Контейнер,Для супа
Крафт для горячего 500 мл,Контейнер,Контейнер
Крафт для торта,Контейнер,Для торта
Контейнер крафт салат,Контейнер,Контейнер
Похлебка гречнеая с курицей,Супы Горячие,Похлебка
Бутерброд с салом,Бутерброд,Бутерброд
Каша перловая с тушенкой,Основное блюдо,Перловка
"Салат Мимоза 1,0 кг",Салат,Прочие
Салат Витаминный с брусникой,Салат,Овощной
Чизкейк с клубникой,Десерты,Чизкейк
Сэндвич с бужениной,Бутерброд,Сэндвич
Сэндвич свинина-барбекю,Бутерброд,Сэндвич
Мороженое Шоколадное шарик 50 гр,Десерты,Мороженое
Мороженое Фисташковое шарик 50 гр,Десерты,Мороженое
Мороженое Ванильное шарик 50 гр,Десерты,Мороженое
Мороженое Клубничное шарик 50 гр,Десерты,Мороженое
Мороженое Крем Брюле шарик 50гр,Десерты,Мороженое
Суп гаспачо,Супы Горячие,Мясные
Окрошка на кефире,Супы холодные,Окрошка
"Салат из св.огурцов,помидор,редиса",Салат,Овощной
Лимонад Цитрусовый,Напитки,Лимонад
Коктель молочный банановый,Напитки,Коктейли
Коктель молочный клубничный,Напитки,Коктейли
Салат из стебля сельдерея с овощами,Салат,Овощной
Борщ холодный,Супы Горячие,Борщ
Коктель молочный шоколадный,Напитки,Коктейли
Коктель молочный ванильный,Напитки,Коктейли
Кофе Латте Большой на минд. молоке КМ,Напитки,Кофе
Окрошка на квасе,Супы холодные,Окрошка
Лимонад Огуречный Мохито,Напитки,Лимонад
Нож,Приборы,Нож
Вилка,Приборы,"Ложки,вилки"
Помидоры фаршированные сырной начинкой,Салат,Овощной
Ложка,Приборы,"Ложки,вилки"
Круассан с бужениной,Бутерброд,Круассан
Компот из св.яблок,Напитки,Компот
"Салат с кальмарами ,китайской капусты и кинзой",Салат,Мясной
Лимонад с базиликом,Напитки,Лимонад
"Квас Очаковский ж/б 0,5 л",Напитки,Лимонад
Панакота с вишневым соусом,Десерты,Панакота
Лимонад Лаванда,Напитки,Лимонад
Коктейль молочный клубничный,Напитки,Коктейли
Рататуй в томатном соусе,Основное блюдо,Из овощей
Суп грибной с булгуром,Супы Горячие,Овощной
Бульон говяжий с яйцом,Супы Горячие,Мясные
Коктейль молочный шоколадный,Напитки,Коктейли
Тыква запеченная с травами,Основное блюдо,Из овощей
Коктейль молочный ванильный,Напитки,Коктейли
Запеканка из творога с цукатами,Завтрак,Запеканка
Салат из квашеной капусты с клюквой,Салат,Овощной
Капуста квашеная тушеная,Гарнир,Капуста
Голубцы натуральные,Основное блюдо,Голубцы
Котлеты из щуки,Основное блюдо,Котлеты
Кулебяка,Выпечка,Пироги
Пряник имбирный,Десерты,Пряник
Расстегай с рыбой,Выпечка,Пироги
Лимонад Мохито Лето,Напитки,Лимонад
"Салат Столичный с курицей 1,0 кг",Салат,Прочие
Лимонад Ягодный пунш,Напитки,Лимонад
Лимонад Клубничный Мохито Лето,Напитки,Лимонад
Салат Итальянский овощной с горч.заправкой,Салат,Прочие
Салат из огурца с зеленым луком и сметаной,Салат,Овощной
Биточки домашние с копченой сметаной,Основное блюдо,Котлеты
Лимонад Цитрусовый Лето,Напитки,Лимонад
Кнелли куриные со шпинатом,Основное блюдо,Котлеты
Бифштекс с овощным жюльеном,Основное блюдо,Блюда из мяса
Кабачки запеченные по-провански,Основное блюдо,Из овощей
Салат из запеченных овощей с ореховым соусом,Салат,Овощной
Кабачки фарш.мясом и рисом,Основное блюдо,Из овощей
Пицца Карпачо кусок,Основное блюдо,Пицца
Окунь морской жареный,Основное блюдо,Рыба
Рулетики из огурцов с начинкой из брынзы,Салат,Рулеты
Фуршет Барсукова,Индивидуальный заказ,Индивидуальный заказ
Пицца Чесночный цыпа кусок,Основное блюдо,Пицца
Салат Римский с курицей и шампиньонами,Салат,Прочие
Щи из шпината с говядиной,Супы Горячие,Щи
Салат из кит.капусты с горчицей и сельдереем,Салат,Овощной
Рулетики из курицы с маринов.огурцом и сыром,Салат,Рулеты
"Сок IL Primo в ассортименте,бут.",Напитки,Сок
Винегрет с сельдью,Салат,Овощной
"Салат из кит.капусты с огур., ред., яйцом и сметаной",Салат,Овощной
Салат из печеных овощей,Салат,Овощной
Соте из курицы с ананасом и перцем,Основное блюдо,Блюда из курицы
Шашлычки из трески с цукини,Основное блюдо,Рыба
Салат-коктейль с крабовыми палочками,Салат,Прочие
Филе куриное запеченное с грибами,Основное блюдо,Блюда из курицы
Свекольник холодный,Супы холодные,Свекольник холодный
Медальон из свин.корейки,Основное блюдо,Блюда из свинины
Щечки говяжьи в соусе деми-гляс,Основное блюдо,Блюда из говядины
Плов с бараниной,Основное блюдо,Плов
Оладьи рыбные,Основное блюдо,Рыба
Десерт Картошка,Десерты,Пироженое
Биточки мясные с зеленой фасолью паровые,Основное блюдо,Котлеты
Салат с морским окунем и картофелем,Салат,Прочие
Бедро куриное в соусе альфредо,Основное блюдо,Блюда из курицы
Рыба запеченная с помидорами,Основное блюдо,Рыба
Филе куриное в соусе альфредо,Основное блюдо,Блюда из курицы
Помидоры гриль,Гарнир,Овощной
Рулет мясной с грибами и луком,Основное блюдо,Блюда из мяса
Морс из облепихи,Напитки,Морсы
Торт Крем-чиз с манговым соусом,Десерты,Торт
Картофель запеченный с паприкой и чесноком,Основное блюдо,Из овощей
Чечевичный суп с копчёными колбасками и сельдереем,Супы Горячие,Мясные
Бифштекс куриный по-французски,Основное блюдо,Блюда из курицы
Курица Каччиаторе с овощами,Основное блюдо,Блюда из курицы
Салат из свеклы с морковью и пекинской капустой,Салат,Овощной
Медовик шоколадный с малиной,Десерты,Торт
Рагу с курицей,Основное блюдо,Блюда из курицы
Медальоны из куриного филе с беконом,Основное блюдо,Блюда из курицы
Кабачки с морковью по-корейски,Основное блюдо,Из овощей
"Салат с куриным филе ""Грация""",Салат,Прочие
Торт Крем-чиз с ягодным соусом,Выпечка и десерт,Пироги
Кабачки фаршированные с грибами и овощами,Основное блюдо,Из овощей
Суп-лапша по-казачьи с курицей,Супы Горячие,Мясные
Бифштекс с овощным жульеном,Основное блюдо,Блюда из курицы
Салат с рукколой и помидорами,Салат,Овощной
Рис с грибами,Основное блюдо,Из овощей
"Лимонад Добрый ПЭТ 0,5л в ассортименте",Напитки,Лимонад
Котлета по-Киевски рубленная,Основное блюдо,Котлеты
Салат из тунца со шпинатом свежим,Салат,Прочие
Мини-пирожок с брусникой,Выпечка и десерт,Пироги
Мини пирожок творог-персик,Выпечка и десерт,Пироги
Салат свежий с апельсином и орехами,Салат,Овощной
Куриное филе тушеное с перцем и помидорами,Основное блюдо,Блюда из курицы
Зразы мясные с сыром и ветчиной,Основное блюдо,Котлеты
Гуляш из свинины по венгерски с перцем,Основное блюдо,Блюда из свинины
Микс салатных листьев с цукини и огурцом,Салат,Овощной
Пай песочный Ягодный,Выпечка и десерт,Пай
Морковь запеченная со специями,Гарнир,Овощной
Трайфл Красный бархат,Десерты,Пироженое
Шарлотка с яблоком,Выпечка и десерт,Шарлотка
Баклажаны запеченные,Основное блюдо,Из овощей
Филе куриное запеченное с кабачками,Основное блюдо,Блюда из курицы
Котлета по-Хлыновски,Основное блюдо,Котлеты
Помидоры с брынзой и грецким орехом,Салат,Овощной
Салат из свежего шпината и сладкого перца,Салат,Овощной
Бифштекс куриный с грибным жульеном,Основное блюдо,Блюда из мяса
Голень куриная жареная Чупа -Чупс,Основное блюдо,Блюда из курицы
Вафли с лососем,Выпечка,Вафли
Вафли с беконом,Выпечка,Вафли
Печенье сахарное 90 гр,Десерты,Печенье
"Огурцы малосольные ""5 минут""",Салат,Овощной
Салат из огурцов и помидоров с горчичной заправкой,Салат,Овощной
Малиновое парфе,Десерты,Пироженое
Картофель запеченный с паприкой,Гарнир,Картофель
Капуста брокколи на пару,Гарнир,Овощной
Морковь по-корейски,Салат,Овощной
Баклажаны запеченные с сыром и томатным соусом,Основное блюдо,Из овощей
Салат с крабовыми палочками и курицей,Салат,Мясной
Овсяноблин с  грибами и сыром,Выпечка,Блины
Вафли с горбушей,Выпечка,Вафли
Скрэмбл с горошком и кукурузой,Завтрак,Яйца
Винегрет с фасолью красной,Салат,Овощной
Аджап сандал,Основное блюдо,Из овощей
Гратен де Финуа,Основное блюдо,Из овощей
Скрембл с грибами,Завтрак,Яйца
Рагу овощное,Основное блюдо,Из овощей
Капуста Кимчи,Салат,Овощной
"Салат из огурца,помидора со сметаной",Салат,Овощной
Салат с ростбифом и горчичной заправкой,Салат,Мясной
Слойка с малиной,Выпечка и десерт,Слойка
Контейнер для соуса,Контейнер,Контейнер
Слойка с картофелем и грибами,Выпечка,Слойка
Овсяноблин с лососем,Выпечка,Блины
Сок свежевыж. Яблоко-морковь,Напитки,Соки
Мини морковь с с/м горошком,Гарнир,Овощной
Суп ФоБо,Супы Горячие,Мясные
Салат с копч. горбушей и картофелем,Салат,Прочие
Рулет куриный с яйцом и луком,Основное блюдо,Блюда из курицы
Сок свежевыжатый Морковный,Напитки,Соки
Спринг ролл с крабовыми палочками,Основное блюдо,Спринг ролл
Булочка сдобная с творогом,Выпечка и десерт,Булочки
Улитка с картофелем и луком,Выпечка,Ватрушка
Блинчик с яблоком и брусникой,Выпечка и десерт,Блины
Спринг ролл с курицей,Основное блюдо,Спринг ролл
Пирог Осетинский с ветчиной и сыром,Выпечка,Пироги
Треска по-польски,Основное блюдо,Рыба
Медальон из свиной корейки с беконом,Основное блюдо,Блюда из свинины
Салат из редиса с огурцом и маслом,Салат,Овощной
Спринг ролл с овощами,Основное блюдо,Спринг ролл
Абрикосы,Фрукты,Абрикос
мероприятие 15.07.2024,Индивидуальный заказ,Индивидуальный заказ
Йогурт Биобаланс,Напитки,Кисло-молочное
Нектарины,Фрукты,Нектарин
УРАЛ-325512-0010-41 Средство транспортное специальное пассажирское № X1P325512B1369640,Хрень,Хрень
Шашлык из трески с кабачком,Основное блюдо,Рыба
Пай песочный с вишней,Выпечка и десерт,Пай
Капуста по-Восточному,Салат,Овощной
Макароны отварные в томатном соусе,Гарнир,Макароны
Шурпа из говядины,Супы Горячие,Мясные
Салат по-грузински с грецким орехом,Салат,Прочие
Манты с говядиной,Основное блюдо,Манты
Самса с говядиной,Выпечка,Пироги
Медовик  1.7 кг,Десерты,Торты
Свиная корейка в соусе блю-чиз,Основное блюдо,Блюда из свинины
Кабачки и баклажаны жареные,Основное блюдо,Из овощей
Салат Уолдорф,Салат,Прочие
Салат кол-слоу с арахисом,Салат,Овощной
Рулет морковный,Основное блюдо,Из овощей
Спаржа по-корейски,Салат,Овощной
Помидоры с соусом песто,Салат,Овощной
Печенье Крокао,Десерты,Печенье
Печенье овсяное с орехом,Десерты,Печенье
"Огурцы малосольные ""Пять минут""",Салат,Овощной
Салат из перца с помидором и красным луком,Салат,Овощной
Мероприятие 01.08.2024,Индивидуальный заказ,Индивидуальный заказ
Напиток каркаде,Напитки,Чай
"Печенье ""Строитель""",Десерты,Печенье
Картофельная запеканка с лососем,Выпечка,Запеканка
Котлета натуральная из трески и лосося,Основное блюдо,Котлеты
"Салат из св. капусты с морковью,огурцом",Салат,Овощной
Кабачки запеченные,Основное блюдо,Из овощей
"Салат из щавеля,яйца, и огурца",Салат,Прочие
13.08.2024,Индивидуальный заказ,Индивидуальный заказ
Кабачки запеченные с сыром,Основное блюдо,Из овощей
Блинчик с лисичками,Выпечка,Блины
Киш с лисичками,Выпечка,Пироги
Омлет с лисичками,Завтрак,Омлет
Торт Молочная девочка,Десерты,Торты
Пирожок с картофелем и лисичками,Выпечка,Пироги
Суп грибной с лисичками,Супы Горячие,Овощной
Паста сливочная с лисичками,Основное блюдо,Паста
Салат Лисички под шубой,Салат,Прочие
Картофель жареный с лисичками,Гарнир,Картофель
Арбуз/дыня 250гр,Фрукты,Арбуз
Жульен из лисичек,Салат,Овощной
Ризотто с лисичками,Основное блюдо,Из овощей
Салат с фунчозой и курицей,Салат,Прочие
Салат из квашеной капусты с брусникой,Салат,Овощной
Соус ореховый,Соус,Соус
Электростанция дизельная с электростартером и коннектором автоматики DS 7000 DA ES,Хрень,Хрень
Каша Дружба,Завтрак,Каши
УАЗ-390995 Автомобиль грузовой фургон (XTT390995B0417964),Хрень,Хрень
Бульон говяжий с языком,Супы Горячие,Бульоны
Салат с языком и жареными грибами,Салат,Прочие
Пирог с мясом 1 кг,Выпечка,Пироги
Вода Ессентуки,Напитки,Вода
Бифштекс мясной с овощным жюльеном,Основное блюдо,Блюда из мяса
Пицца Фирменная круглая кусок,Основное блюдо,Пицца
Пицца Барбекею круглая кусок,Основное блюдо,Пицца
Мероприятие 09.09.2024,Индивидуальный заказ,Индивидуальный заказ
Пицца Римская кусок,Основное блюдо,Пицца
Плетенка с малиной,Выпечка и десерт,Булочки
Мероприятие 16.09.2024,Индивидуальный заказ,Индивидуальный заказ
Греча отварная,Гарнир,Овощной
Рис отварной с маслом,Гарнир,Рис
"Вода Ессентуки СТЕКЛО 0,5 л",Напитки,Вода
Сэндвич с курицей Цезарь,Бутерброд,Сэндвич
Жев. резинка в ассортименте,Снеки,Жев. резинка
Картофельные вафли с беконом,Выпечка,Вафли
Картофельные вафли с лососем,Выпечка,Вафли
Гратен де Финуа с курицей и сыром,Основное блюдо,Блюда из курицы
Салат из св.огурцов и помидоров с малом,Салат,Овощной
Кофе Латте Большой на банан.молоке КМ,Напитки,Кофе
"Рассольник ""Ленинградский"" с курицей",Супы Горячие,Мясные
Гуляш из говядины по-венгерски,Основное блюдо,Блюда из говядины
Гуляш из свинины по-венгерски с перцем,Основное блюдо,Блюда из свинины
Бризоль из куриного филе,Основное блюдо,Блюда из курицы
Печень по-строгановски,Десерты,Печенье
Картофельная вафля с яйцом пашот,Выпечка,Вафли
Салат из краб.палочек и пекин.капусты,Салат,Прочие
Салат три мяса,Салат,Мясной
Рис с кукурузой и горошком,Гарнир,Рис
"Салат из свежего огурца, редиса с яйцом и сметаны",Салат,Овощной
Рулетики из курицы с маринованным огурцом и сыром,Основное блюдо,Блюда из курицы
Блинчик с яблоками,Десерты,Блины
Кекс яблочный,Десерты,Кекс
Суп Чобра по-турецки,Супы Горячие,Мясные
Баялды,Салат,Овощной
Котлета рыбная из трески,Основное блюдо,Котлеты
Салат Табуле с булгуром,Салат,Мясной
Долма из баранины,Основное блюдо,Блюда из мяса
Булгур с овощами и вермишелью,Гарнир,Булгур
Салат из свежих огурцов с греческим йогуртом,Салат,Овощной
"Айран 0,5 л",Напитки,Кисло-молочное
Люля из баранины с луком и зеленью,Основное блюдо,Блюда из мяса
Кёфте из говядины,Основное блюдо,Блюда из говядины
"Сок Rioba в ассортименте,бут.",Напитки,Сок
Торт карамельно-ореховый,Десерты,Торты
Окорочок куриный жареный,Основное блюдо,Блюда из курицы
Салат из св.огурцов и помидоров с маслом,Салат,Овощной
01.10.2024 Ипатов Н.А.,Индивидуальный заказ,Индивидуальный заказ
Салат Витаминный с перцем,Салат,Овощной
Баклажаны запечен.с сыром и томатным соусом,Салат,Овощной
Перец фаршированный,Основное блюдо,Из овощей
Печенье Лакомка,Десерты,Печенье
Леденцы Halls  в ассортименте,Снеки,Леденцы
Буженина запеченная,Основное блюдо,Блюда из мяса
Салат Нисуаз с тунцом 185 гр,Салат,Мясной
"Сок Rioba гранат, бут.",Напитки,Соки
Салат из пекинской капусты с курицей,Салат,Мясной
Синнокейк с корицей,Десерты,Чизкейк
Пастила персик 15 гр,Десерты,Пастила
Зразы куриные с грибами,Основное блюдо,Котлеты
Пай песочный  с малиной,Выпечка и десерт,Пай
Пирожок с мясом и луком,Выпечка,Пирожки
Борщ Московский с говядиной,Супы Горячие,Борщ
Тар-тар из белой рыбы,Основное блюдо,Рыба
Салат по-Сибирски с курицей и крабовыми палочками,Салат,Мясной
Яйцо фаршированное свеклой и селедкой,Основное блюдо,Блюда из свинины
Шницель  рубленный из свинины,Основное блюдо,Блюда из свинины
"Прицеп-вагон дом  передвижной типа  Сибирь  А8х2,8 на базе тракт.прицепа VIN:1385 (QCS-1-1.2010.054)",Хрень,Хрень
Вагончик складской на полозьях,Хрень,Хрень
Вагон-дом без шасси бытовка,Хрень,Хрень
Какао с молоком,Напитки,Какао
Творог взбитый с клубникой,Завтрак,Из творога
Бифштекс куриный с овощным жюльеном,Основное блюдо,Блюда из курицы
Студень по-домашнему с хреном,Основное блюдо,Блюда из мяса
Перец фаршированный со сметаной,Основное блюдо,Из овощей
Бедро куриное в соевом соусе,Основное блюдо,Блюда из курицы
Рыба запеченная с маслинами,Основное блюдо,Рыба
Грузди  маринованные,Салат,Овощной
Отбивная из свинины фарш.грибами,Основное блюдо,Блюда из свинины
"Чай с апельсином, корицей и медом.",Напитки,Чай
Творог взбитый с вишней,Завтрак,Из творога
Говядина тушеная с овощами,Основное блюдо,Блюда из говядины
Запеканка картофельная с мясом,Выпечка,Запеканка
Филе куриного бедра в беконе с сыром,Основное блюдо,Блюда из курицы
Солянка из капусты,Супы Горячие,Мясные
Салат из говядины с карт.и горчич.заправкой,Салат,Мясной
Язык говяжий отварной,Основное блюдо,Блюда из говядины
Чай с облепихой и имбирем,Напитки,Чай
Колбаски Альпийские,Основное блюдо,Колбаски разные
Гратен с тыквой,Основное блюдо,Из овощей
Шашлык из свиной шеи,Основное блюдо,Блюда из свинины
Глек пряный из черной смородины,Десерты,Пирог
Заливное из курицы,Основное блюдо,Блюда из курицы
Салат Боярский с бужениной,Салат,Мясной
Салат из квашеной капусты с луком и картофелем,Салат,Овощной
Протеин bombar,Снеки,Протеин
Салат из свеклы с грецким орехом и майонезом,Салат,Овощной
14.10.2024,Индивидуальный заказ,Индивидуальный заказ
Котлета Пласковица,Основное блюдо,Котлеты
Щи из квашеной капусты с курицей,Супы Горячие,Щи
Салат из моркови с курагой и сметаны,Салат,Овощной
Котлета из свинины,Основное блюдо,Котлеты
Салат из курицы с брынзой,Салат,Мясной
21.10.2024,Индивидуальный заказ,Индивидуальный заказ
Киш с грибами и зеленым луком,Выпечка,Пироги
Десерт Здоровье,Десерты,Пироженое
Голубцы натуральные с рисом,Основное блюдо,Голубцы
Глинтвейн из вишни с корицей,Напитки,Глинтвейн
Салат Нежность с ветчиной,Салат,Мясной
Рыба в кисло-сладком соусе,Основное блюдо,Рыба
Буженина запеченная с ягодным соусом,Основное блюдо,Блюда из свинины
Тарт Лимонный,Выпечка и десерт,Пай
Хлопья 30 гр,Завтрак,Мюсли
Киш с лососем и броколли,Выпечка,Пироги
Печенье Ирья,Десерты,Печенье
Студень из курицы по-домашнему,Основное блюдо,Блюда из курицы
Филе куриное запеченное с тыквой,Основное блюдо,Блюда из курицы
Цитрусовый пунш с пряностями,Напитки,Пунш
Запеканка по-Некрасовски,Выпечка и десерт,Запеканка
Лечо,Салат,Овощной
Батончик Nut&go,Снеки,Шоколадные батончики
Шницель рубленный из курицы с сыром,Основное блюдо,Рыба
Чахохбили из курицы,Основное блюдо,Блюда из курицы
Котлета Мясная,Основное блюдо,Котлеты
Котлета по-Белорусски,Основное блюдо,Котлеты
Чай Цитрусовый,Напитки,Чай
Салат из краснокач.капусты с морковью и чесноком,Салат,Овощной
Паштет из куриной печени,Салат,Паштет
Свинина корейка в соусе Блю-чиз,Основное блюдо,Блюда из свинины
Салат слоеный с курицей и сыром,Салат,Мясной
Меренговый рулет с мандарином,Десерты,Рулеты
Чизбургер,Бутерброд,Чизбургер
Салат из говядины с корейской морковью,Салат,Мясной
Котлеты рубленные из свинины,Основное блюдо,Котлеты
"Салат из конс.огурцов,помидор с красным луком и маслом",Салат,Овощной
Салат Зимний с квашеной капустой,Салат,Прочие
Горячий бутерброд с ветчиной,Бутерброд,Горячий бутерброд
Оладьи 100 гр,Завтрак,Оладьи
Пирожок с яблоком,Выпечка и десерт,Пироги
Пирожок с повидлом,Выпечка и десерт,Пироги
Пирожок с сухофруктами,Выпечка и десерт,Пироги
Птитим с зеленым маслом,Гарнир,Макароны
Бигус с сосисками,Основное блюдо,Из овощей
Филе куриное запеченная с ананасом,Основное блюдо,Блюда из курицы
Макароны по-флотски,Основное блюдо,Макароны
Капуста квашеная с луком и брусникой,Салат,Овощной
"Бифштекс ""Любительский"" Ромштекс",Основное блюдо,Блюда из мяса
Горячий бутерброд с курицей,Бутерброд,Горячий бутерброд
Горбуша запеченная,Основное блюдо,Рыба
Картофельные вафли с горбушей,Выпечка,Вафли
Свинина запеченая с яблоком,Основное блюдо,Блюда из свинины
Филе бедра запечен.с беконом и сыром,Основное блюдо,Блюда из курицы
30.10.2024,Индивидуальный заказ,Индивидуальный заказ
Салат из помидоров и красного лука,Салат,Овощной
